{"cameraMode":{"drawMode":0,"name":"Shaded","section":"Shading Mode"},"sceneLighting":false,"audioPlay":false,"sceneViewState":{"m_AlwaysRefresh":false,"showFog":true,"showSkybox":false,"showFlares":true,"showImageEffects":true,"showParticleSystems":true,"showVisualEffectGraphs":true,"m_FxEnabled":true},"in2DMode":false,"pivot":{"x":0.4499188959598541,"y":0.5337315797805786,"z":0.32724571228027346},"rotation":{"x":-0.028082383796572686,"y":0.8957639336585999,"z":-0.056703727692365649,"w":-0.44032323360443118},"size":0.13163162767887116,"orthographic":false}